{"Version":1,"ManifestType":"Publish","Endpoints":[{"Route":"LPEditorApp.auax8zlo8p.styles.css","AssetFile":"LPEditorApp.styles.css","Selectors":[],"ResponseHeaders":[{"Name":"Accept-Ranges","Value":"bytes"},{"Name":"Cache-Control","Value":"max-age=31536000, immutable"},{"Name":"Content-Length","Value":"4336"},{"Name":"Content-Type","Value":"text/css"},{"Name":"ETag","Value":"\"3oZId7bGOaG1rhAdl8rawjbYoy4JDYdAE063swDIrWc=\""},{"Name":"Last-Modified","Value":"Sun, 25 Jan 2026 14:40:42 GMT"}],"EndpointProperties":[{"Name":"fingerprint","Value":"auax8zlo8p"},{"Name":"integrity","Value":"sha256-3oZId7bGOaG1rhAdl8rawjbYoy4JDYdAE063swDIrWc="},{"Name":"label","Value":"LPEditorApp.styles.css"}]},{"Route":"LPEditorApp.styles.css","AssetFile":"LPEditorApp.styles.css","Selectors":[],"ResponseHeaders":[{"Name":"Accept-Ranges","Value":"bytes"},{"Name":"Cache-Control","Value":"no-cache"},{"Name":"Content-Length","Value":"4336"},{"Name":"Content-Type","Value":"text/css"},{"Name":"ETag","Value":"\"3oZId7bGOaG1rhAdl8rawjbYoy4JDYdAE063swDIrWc=\""},{"Name":"Last-Modified","Value":"Sun, 25 Jan 2026 14:40:42 GMT"}],"EndpointProperties":[{"Name":"integrity","Value":"sha256-3oZId7bGOaG1rhAdl8rawjbYoy4JDYdAE063swDIrWc="}]},{"Route":"app.css","AssetFile":"app.css","Selectors":[],"ResponseHeaders":[{"Name":"Accept-Ranges","Value":"bytes"},{"Name":"Cache-Control","Value":"no-cache"},{"Name":"Content-Length","Value":"54934"},{"Name":"Content-Type","Value":"text/css"},{"Name":"ETag","Value":"\"nYRbXVJIa7+mJIINDz1CJizPjdv/0D4stnMInUQUcw0=\""},{"Name":"Last-Modified","Value":"Sun, 25 Jan 2026 07:40:53 GMT"}],"EndpointProperties":[{"Name":"integrity","Value":"sha256-nYRbXVJIa7+mJIINDz1CJizPjdv/0D4stnMInUQUcw0="}]},{"Route":"app.js","AssetFile":"app.js","Selectors":[],"ResponseHeaders":[{"Name":"Accept-Ranges","Value":"bytes"},{"Name":"Cache-Control","Value":"no-cache"},{"Name":"Content-Length","Value":"11394"},{"Name":"Content-Type","Value":"text/javascript"},{"Name":"ETag","Value":"\"hUM9r1CnyeIkR9meo47eFeT2q9Ni3bzHqU6fh8D4FCk=\""},{"Name":"Last-Modified","Value":"Sun, 25 Jan 2026 07:24:50 GMT"}],"EndpointProperties":[{"Name":"integrity","Value":"sha256-hUM9r1CnyeIkR9meo47eFeT2q9Ni3bzHqU6fh8D4FCk="}]},{"Route":"app.nfzsdfl38h.css","AssetFile":"app.css","Selectors":[],"ResponseHeaders":[{"Name":"Accept-Ranges","Value":"bytes"},{"Name":"Cache-Control","Value":"max-age=31536000, immutable"},{"Name":"Content-Length","Value":"54934"},{"Name":"Content-Type","Value":"text/css"},{"Name":"ETag","Value":"\"nYRbXVJIa7+mJIINDz1CJizPjdv/0D4stnMInUQUcw0=\""},{"Name":"Last-Modified","Value":"Sun, 25 Jan 2026 07:40:53 GMT"}],"EndpointProperties":[{"Name":"fingerprint","Value":"nfzsdfl38h"},{"Name":"integrity","Value":"sha256-nYRbXVJIa7+mJIINDz1CJizPjdv/0D4stnMInUQUcw0="},{"Name":"label","Value":"app.css"}]},{"Route":"app.x9ulfycfpo.js","AssetFile":"app.js","Selectors":[],"ResponseHeaders":[{"Name":"Accept-Ranges","Value":"bytes"},{"Name":"Cache-Control","Value":"max-age=31536000, immutable"},{"Name":"Content-Length","Value":"11394"},{"Name":"Content-Type","Value":"text/javascript"},{"Name":"ETag","Value":"\"hUM9r1CnyeIkR9meo47eFeT2q9Ni3bzHqU6fh8D4FCk=\""},{"Name":"Last-Modified","Value":"Sun, 25 Jan 2026 07:24:50 GMT"}],"EndpointProperties":[{"Name":"fingerprint","Value":"x9ulfycfpo"},{"Name":"integrity","Value":"sha256-hUM9r1CnyeIkR9meo47eFeT2q9Ni3bzHqU6fh8D4FCk="},{"Name":"label","Value":"app.js"}]},{"Route":"bootstrap/bootstrap.min.bpk8xqwxhs.css","AssetFile":"bootstrap/bootstrap.min.css","Selectors":[],"ResponseHeaders":[{"Name":"Accept-Ranges","Value":"bytes"},{"Name":"Cache-Control","Value":"max-age=31536000, immutable"},{"Name":"Content-Length","Value":"162720"},{"Name":"Content-Type","Value":"text/css"},{"Name":"ETag","Value":"\"z8OR40MowJ8GgK6P89Y+hiJK5+cclzFHzLhFQLL92bg=\""},{"Name":"Last-Modified","Value":"Thu, 22 Jan 2026 08:14:10 GMT"}],"EndpointProperties":[{"Name":"fingerprint","Value":"bpk8xqwxhs"},{"Name":"integrity","Value":"sha256-z8OR40MowJ8GgK6P89Y+hiJK5+cclzFHzLhFQLL92bg="},{"Name":"label","Value":"bootstrap/bootstrap.min.css"}]},{"Route":"bootstrap/bootstrap.min.css","AssetFile":"bootstrap/bootstrap.min.css","Selectors":[],"ResponseHeaders":[{"Name":"Accept-Ranges","Value":"bytes"},{"Name":"Cache-Control","Value":"no-cache"},{"Name":"Content-Length","Value":"162720"},{"Name":"Content-Type","Value":"text/css"},{"Name":"ETag","Value":"\"z8OR40MowJ8GgK6P89Y+hiJK5+cclzFHzLhFQLL92bg=\""},{"Name":"Last-Modified","Value":"Thu, 22 Jan 2026 08:14:10 GMT"}],"EndpointProperties":[{"Name":"integrity","Value":"sha256-z8OR40MowJ8GgK6P89Y+hiJK5+cclzFHzLhFQLL92bg="}]},{"Route":"bootstrap/bootstrap.min.css.8inm30yfxf.map","AssetFile":"bootstrap/bootstrap.min.css.map","Selectors":[],"ResponseHeaders":[{"Name":"Accept-Ranges","Value":"bytes"},{"Name":"Cache-Control","Value":"max-age=31536000, immutable"},{"Name":"Content-Length","Value":"449111"},{"Name":"Content-Type","Value":"text/plain"},{"Name":"ETag","Value":"\"gBwg2tmA0Ci2u54gMF1jNCVku6vznarkLS6D76htNNQ=\""},{"Name":"Last-Modified","Value":"Thu, 22 Jan 2026 08:14:10 GMT"}],"EndpointProperties":[{"Name":"fingerprint","Value":"8inm30yfxf"},{"Name":"integrity","Value":"sha256-gBwg2tmA0Ci2u54gMF1jNCVku6vznarkLS6D76htNNQ="},{"Name":"label","Value":"bootstrap/bootstrap.min.css.map"}]},{"Route":"bootstrap/bootstrap.min.css.map","AssetFile":"bootstrap/bootstrap.min.css.map","Selectors":[],"ResponseHeaders":[{"Name":"Accept-Ranges","Value":"bytes"},{"Name":"Cache-Control","Value":"no-cache"},{"Name":"Content-Length","Value":"449111"},{"Name":"Content-Type","Value":"text/plain"},{"Name":"ETag","Value":"\"gBwg2tmA0Ci2u54gMF1jNCVku6vznarkLS6D76htNNQ=\""},{"Name":"Last-Modified","Value":"Thu, 22 Jan 2026 08:14:10 GMT"}],"EndpointProperties":[{"Name":"integrity","Value":"sha256-gBwg2tmA0Ci2u54gMF1jNCVku6vznarkLS6D76htNNQ="}]},{"Route":"editor.css","AssetFile":"editor.css","Selectors":[],"ResponseHeaders":[{"Name":"Accept-Ranges","Value":"bytes"},{"Name":"Cache-Control","Value":"no-cache"},{"Name":"Content-Length","Value":"3194"},{"Name":"Content-Type","Value":"text/css"},{"Name":"ETag","Value":"\"Y6zIfByTK8Pe6Rwy6xHrCWUA4oGEE76fwMn0hBWgaJs=\""},{"Name":"Last-Modified","Value":"Sun, 25 Jan 2026 08:58:05 GMT"}],"EndpointProperties":[{"Name":"integrity","Value":"sha256-Y6zIfByTK8Pe6Rwy6xHrCWUA4oGEE76fwMn0hBWgaJs="}]},{"Route":"editor.d8jpemcq5q.css","AssetFile":"editor.css","Selectors":[],"ResponseHeaders":[{"Name":"Accept-Ranges","Value":"bytes"},{"Name":"Cache-Control","Value":"max-age=31536000, immutable"},{"Name":"Content-Length","Value":"3194"},{"Name":"Content-Type","Value":"text/css"},{"Name":"ETag","Value":"\"Y6zIfByTK8Pe6Rwy6xHrCWUA4oGEE76fwMn0hBWgaJs=\""},{"Name":"Last-Modified","Value":"Sun, 25 Jan 2026 08:58:05 GMT"}],"EndpointProperties":[{"Name":"fingerprint","Value":"d8jpemcq5q"},{"Name":"integrity","Value":"sha256-Y6zIfByTK8Pe6Rwy6xHrCWUA4oGEE76fwMn0hBWgaJs="},{"Name":"label","Value":"editor.css"}]},{"Route":"favicon.ifv42okdf2.png","AssetFile":"favicon.png","Selectors":[],"ResponseHeaders":[{"Name":"Accept-Ranges","Value":"bytes"},{"Name":"Cache-Control","Value":"max-age=31536000, immutable"},{"Name":"Content-Length","Value":"1148"},{"Name":"Content-Type","Value":"image/png"},{"Name":"ETag","Value":"\"4mWsDy3aHl36ZbGt8zByK7Pvd4kRUoNgTYzRnwmPHwg=\""},{"Name":"Last-Modified","Value":"Thu, 22 Jan 2026 08:14:10 GMT"}],"EndpointProperties":[{"Name":"fingerprint","Value":"ifv42okdf2"},{"Name":"integrity","Value":"sha256-4mWsDy3aHl36ZbGt8zByK7Pvd4kRUoNgTYzRnwmPHwg="},{"Name":"label","Value":"favicon.png"}]},{"Route":"favicon.png","AssetFile":"favicon.png","Selectors":[],"ResponseHeaders":[{"Name":"Accept-Ranges","Value":"bytes"},{"Name":"Cache-Control","Value":"no-cache"},{"Name":"Content-Length","Value":"1148"},{"Name":"Content-Type","Value":"image/png"},{"Name":"ETag","Value":"\"4mWsDy3aHl36ZbGt8zByK7Pvd4kRUoNgTYzRnwmPHwg=\""},{"Name":"Last-Modified","Value":"Thu, 22 Jan 2026 08:14:10 GMT"}],"EndpointProperties":[{"Name":"integrity","Value":"sha256-4mWsDy3aHl36ZbGt8zByK7Pvd4kRUoNgTYzRnwmPHwg="}]},{"Route":"highlight.js","AssetFile":"highlight.js","Selectors":[],"ResponseHeaders":[{"Name":"Accept-Ranges","Value":"bytes"},{"Name":"Cache-Control","Value":"no-cache"},{"Name":"Content-Length","Value":"1565"},{"Name":"Content-Type","Value":"text/javascript"},{"Name":"ETag","Value":"\"C4Vo0swgRdczOBRbOik5ZDwmNgu89JVvkigTumt2Bso=\""},{"Name":"Last-Modified","Value":"Sun, 25 Jan 2026 08:58:05 GMT"}],"EndpointProperties":[{"Name":"integrity","Value":"sha256-C4Vo0swgRdczOBRbOik5ZDwmNgu89JVvkigTumt2Bso="}]},{"Route":"highlight.rotnbt929j.js","AssetFile":"highlight.js","Selectors":[],"ResponseHeaders":[{"Name":"Accept-Ranges","Value":"bytes"},{"Name":"Cache-Control","Value":"max-age=31536000, immutable"},{"Name":"Content-Length","Value":"1565"},{"Name":"Content-Type","Value":"text/javascript"},{"Name":"ETag","Value":"\"C4Vo0swgRdczOBRbOik5ZDwmNgu89JVvkigTumt2Bso=\""},{"Name":"Last-Modified","Value":"Sun, 25 Jan 2026 08:58:05 GMT"}],"EndpointProperties":[{"Name":"fingerprint","Value":"rotnbt929j"},{"Name":"integrity","Value":"sha256-C4Vo0swgRdczOBRbOik5ZDwmNgu89JVvkigTumt2Bso="},{"Name":"label","Value":"highlight.js"}]},{"Route":"mockups/phone.2onla49ary.png","AssetFile":"mockups/phone.png","Selectors":[],"ResponseHeaders":[{"Name":"Accept-Ranges","Value":"bytes"},{"Name":"Cache-Control","Value":"max-age=31536000, immutable"},{"Name":"Content-Length","Value":"53464"},{"Name":"Content-Type","Value":"image/png"},{"Name":"ETag","Value":"\"7qrcCG1wNX/z4AANzxyEsC31bu/BsnUa3/E0IXmdz00=\""},{"Name":"Last-Modified","Value":"Fri, 23 Jan 2026 16:40:35 GMT"}],"EndpointProperties":[{"Name":"fingerprint","Value":"2onla49ary"},{"Name":"integrity","Value":"sha256-7qrcCG1wNX/z4AANzxyEsC31bu/BsnUa3/E0IXmdz00="},{"Name":"label","Value":"mockups/phone.png"}]},{"Route":"mockups/phone.png","AssetFile":"mockups/phone.png","Selectors":[],"ResponseHeaders":[{"Name":"Accept-Ranges","Value":"bytes"},{"Name":"Cache-Control","Value":"no-cache"},{"Name":"Content-Length","Value":"53464"},{"Name":"Content-Type","Value":"image/png"},{"Name":"ETag","Value":"\"7qrcCG1wNX/z4AANzxyEsC31bu/BsnUa3/E0IXmdz00=\""},{"Name":"Last-Modified","Value":"Fri, 23 Jan 2026 16:40:35 GMT"}],"EndpointProperties":[{"Name":"integrity","Value":"sha256-7qrcCG1wNX/z4AANzxyEsC31bu/BsnUa3/E0IXmdz00="}]},{"Route":"presets/background-presets.json","AssetFile":"presets/background-presets.json","Selectors":[],"ResponseHeaders":[{"Name":"Accept-Ranges","Value":"bytes"},{"Name":"Cache-Control","Value":"no-cache"},{"Name":"Content-Length","Value":"1341"},{"Name":"Content-Type","Value":"application/json"},{"Name":"ETag","Value":"\"Un+Z8BSS4Lw8YpOSu7HiIxemlsRDv1kOAMePI6smqcQ=\""},{"Name":"Last-Modified","Value":"Sat, 24 Jan 2026 18:44:15 GMT"}],"EndpointProperties":[{"Name":"integrity","Value":"sha256-Un+Z8BSS4Lw8YpOSu7HiIxemlsRDv1kOAMePI6smqcQ="}]},{"Route":"presets/background-presets.ysofkoytlv.json","AssetFile":"presets/background-presets.json","Selectors":[],"ResponseHeaders":[{"Name":"Accept-Ranges","Value":"bytes"},{"Name":"Cache-Control","Value":"max-age=31536000, immutable"},{"Name":"Content-Length","Value":"1341"},{"Name":"Content-Type","Value":"application/json"},{"Name":"ETag","Value":"\"Un+Z8BSS4Lw8YpOSu7HiIxemlsRDv1kOAMePI6smqcQ=\""},{"Name":"Last-Modified","Value":"Sat, 24 Jan 2026 18:44:15 GMT"}],"EndpointProperties":[{"Name":"fingerprint","Value":"ysofkoytlv"},{"Name":"integrity","Value":"sha256-Un+Z8BSS4Lw8YpOSu7HiIxemlsRDv1kOAMePI6smqcQ="},{"Name":"label","Value":"presets/background-presets.json"}]}]}